source,target,edge_type,relationship,weight,metadata_json
17f69b85929l0i1ukc4l2up7yp9v0i,17f69bb8933l0i2mjfr92f3f404f5,boss_located_in,located_in,,{}
17f69a3ca37l0i1ukd1lq14ctafbk,17f69dacb4bl0i2mhubpixrap5onq,boss_located_in,located_in,,{}
17f69878c4al0i1ul0i7dsfou8igrk,17f698df3ebl0i2mdikdnz45fhyrc7,boss_located_in,located_in,,{}
17f69878c4al0i1ul0i7dsfou8igrk,17f697036fbl0i2mtt1y66q5foxdq,boss_located_in,located_in,,{}
17f69d4387al0i1ulpqqumwqw05j3c,17f69bc29c9l0i2m8mjnl6ac43o3sa,boss_located_in,located_in,,{}
17f69d7fe72l0i1ultk418yedh25s7,17f69bc29c9l0i2m8mjnl6ac43o3sa,boss_located_in,located_in,,{}
17f69d7fe72l0i1ultk418yedh25s7,17f69a52fdal0i2mscdgudt5b894m5,boss_located_in,located_in,,{}
17f69c4aacel0i1uluegh15idblimv,17f69d5a094l0i2mata8cfyj4ci55t,boss_located_in,located_in,,{}
17f69c4aacel0i1uluegh15idblimv,17f69c9c269l0i2mfxzgqbh7ffwoxe,boss_located_in,located_in,,{}
17f69c4aacel0i1uluegh15idblimv,17f696d8354l0i2mogg6n9e7genjdc,boss_located_in,located_in,,{}
17f69bd3c06l0i1ulx2jxbiogta1i,17f69886115l0i2m7307w4njyfhwt5,boss_located_in,located_in,,{}
17f697f48d5l0i1umdbu7v5phffgq,17f69c93d09l0i2m9yixlupxvwoc7r,boss_located_in,located_in,,{}
17f69563d15l0i1umhb4am3xzuib3g,17f69bc3adbl0i2mjzcn0qc9u6t9bk,boss_located_in,located_in,,{}
17f695b37c1l0i1ungf7vjojqaf4zp,17f69eea151l0i2mdvyoq9hes3awih,boss_located_in,located_in,,{}
17f695b37c1l0i1ungf7vjojqaf4zp,17f697f9642l0i2molzde5v6dex4io,boss_located_in,located_in,,{}
17f6961da46l0i1uoh7hemoben3dtg,17f697edfb9l0i2m79bx2q2xwbbjtl,boss_located_in,located_in,,{}
17f69b43b78l0i1upyrupf0wna8q7a,17f69e49901l0i2mdbbaoshgf9r6xb,boss_located_in,located_in,,{}
17f69b43b78l0i1upyrupf0wna8q7a,17f699441c2l0i2men3bc9smd0h3jp,boss_located_in,located_in,,{}
17f69b43b78l0i1upyrupf0wna8q7a,17f696635c6l0i2mkuc7ifimqdqkmw,boss_located_in,located_in,,{}
17f69a6fae3l0i1uq63au7m71cs8mh,17f6973afc2l0i2ma51e7fflgwsv2m,boss_located_in,located_in,,{}
17f695cb903l0i1uqqf40ik8th6wqw,17f6981f5f9l0i2mpl63u29r5fa3te,boss_located_in,located_in,,{}
17f6969fb51l0i1ur3o74ppc7h3gl5,17f6967f4a6l0i2mcivef17883vmx4,boss_located_in,located_in,,{}
17f6969fb51l0i1ur3o74ppc7h3gl5,17f69f56f55l0i2mhypmucze7mfrzc,boss_located_in,located_in,,{}
17f6969fb51l0i1ur3o74ppc7h3gl5,17f69654a3dl0i2mmit9ec0mmxu749,boss_located_in,located_in,,{}
17f69aae933l0i1urbz9zyz3jjvhjf,17f69e4cd2al0i2mmjf7o5gwy7nhbg,boss_located_in,located_in,,{}
17f69c5a361l0i1urf5b4r5s5cf125,17f69625085l0i2mnshaufkjhe4gok,boss_located_in,located_in,,{}
17f69725115l0i1urx3t47u0gfs43,17f6986ad2el0i2m7q7y6gl2myxkh8,boss_located_in,located_in,,{}
17f696b2a70l0i1us26mtvbp7p85,17f69d11b53l0i2mlurz5othyaw2yn,boss_located_in,located_in,,{}
17f69c4aefal0i1usvodp9osviy7v,17f698e4311l0i2mo8fibxu670d50f,boss_located_in,located_in,,{}
17f696099a7l0i1ut7jqzmbg7hm5tk,17f698e4311l0i2mo8fibxu670d50f,boss_located_in,located_in,,{}
17f69c1bc31l0i1utrgxwhdp1csdis,17f69a25d31l0i2muhzfvabyqxiv2v,boss_located_in,located_in,,{}
17f69814439l0i1uuifby3b0bn9gs,17f69a25d31l0i2muhzfvabyqxiv2v,boss_located_in,located_in,,{}
17f69cbe6cbl0i1uvgek1x2hoimz99,17f699b601fl0i2m8statevuowxrrb,boss_located_in,located_in,,{}
17f69b5bcb4l0i1uvn888e99evsdgh,17f6967952el0i2mrhy8fpgqo0f4hr,boss_located_in,located_in,,{}
17f69644c82l0i1uw7sqlk2v4b6bfg,17f69a8e6e3l0i2mbkue80sw8q9e9m,boss_located_in,located_in,,{}
17f69a078e0l0i1uwdp4xqjq6cpbxl,17f69d6cc12l0i2maurcz3u35zq1e6,boss_located_in,located_in,,{}
17f69a078e0l0i1uwdp4xqjq6cpbxl,17f69935509l0i2mkr8vjb9f4f94v,boss_located_in,located_in,,{}
17f69bfa759l0i1uwfa0yrdvzcov1i,17f69b4d520l0i2mln0ngtae6zndll,boss_located_in,located_in,,{}
17f69d3101al0i1uyefex03ulrqazi,17f699ac779l0i2mjk3m8nufj4z7fe,boss_located_in,located_in,,{}
17f69d237f0l0i1uytr06ed4gz92qdj,17f69a39644l0i2mr10gkkf9agp8m7,boss_located_in,located_in,,{}
17f69a1be26l0i1uz1kl2dyuibof4d,17f696874a9l0i2mkds3uzk8ol689w,boss_located_in,located_in,,{}
17f69a36cf8l0i1uz6gmzy0dr777k,17f698984e2l0i2mpau822kzbjamiq,boss_located_in,located_in,,{}
17f69a36cf8l0i1uz6gmzy0dr777k,17f69bb8933l0i2mjfr92f3f404f5,boss_located_in,located_in,,{}
17f699438b8l0i1uze1493a9h5ipk3,17f69c28019l0i2mrdirn1c1brqcqj,boss_located_in,located_in,,{}
17f699ad704l0i1uzmqfup4jxyto7,17f69b5132al0i2mvbu1p0fqlhzbjb,boss_located_in,located_in,,{}
17f697e343bl0i1uznxx67p026exqf,17f69a8e6e3l0i2mbkue80sw8q9e9m,boss_located_in,located_in,,{}
17f69cfaee3l0i1uzongoyxg1dptid,17f699e1038l0i2mnmh37d1nfbes3b,boss_located_in,located_in,,{}
17f69cf967fl0i1v0cmt73nix34p0c,17f69b3cf18l0i2mqdndclk0p7tmvv,boss_located_in,located_in,,{}
17f69b19e80l0i1v0x2eima4yhdbd,17f696fcc61l0i2mesvptc01pvt2k,boss_located_in,located_in,,{}
17f69de0562l0i1v105zzs817wea9m,17f696bd5cdl0i2mhe4ogfvk5y4fnk,boss_located_in,located_in,,{}
17f699179aal0i1v13n497m1yhps2s,17f69a6e7bal0i2mbxtdxxdlkbn228,boss_located_in,located_in,,{}
17f698d3cc6l0i1v18wptud2du5ts,17f6981a517l0i2mcvl2m9zjgmsg8q,boss_located_in,located_in,,{}
17f6982dbf7l0i1v1r3i4p5cy7kvcs,17f69e77e65l0i2mam30d45d317ze1a,boss_located_in,located_in,,{}
17f6968dcfal0i1v1y8dnaop27j5qg,17f69c37b1fl0i2manq5puf8m7lj6,boss_located_in,located_in,,{}
17f6968dcfal0i1v1y8dnaop27j5qg,17f697f4526l0i2mrynoucp5w0m96s,boss_located_in,located_in,,{}
17f69a221c9l0i2ojlqe4t4u5lk6pc,17f69869a3bl0i2m72p0sbjub568ch,npc_located_in,located_in,,{}
17f69ddf39dl0i2ojm1riku8s6qxfs,17f69d6cc12l0i2maurcz3u35zq1e6,npc_located_in,located_in,,{}
17f69af3e48l0i2ojme5z01n0gziz,17f69ad0772l0i2ma7gusqx8w2s1ao,npc_located_in,located_in,,{}
17f69b2abd8l0i2oki2301lpwzqbe8,17f69c9c269l0i2mfxzgqbh7ffwoxe,npc_located_in,located_in,,{}
17f69f7be15l0i2oki48thaky6x3tg,17f696bd5cdl0i2mhe4ogfvk5y4fnk,npc_located_in,located_in,,{}
17f69cd42f7l0i2ol82u1cg8l2ia3d,17f69b97ce8l0i2ms4ikyh4h5oxhve,npc_located_in,located_in,,{}
17f69768ff6l0i2olppqo9yb2ltjcb,17f69d5a094l0i2mata8cfyj4ci55t,npc_located_in,located_in,,{}
17f69b2925el0i2olviqhconjh7a7i,17f696fcc61l0i2mesvptc01pvt2k,npc_located_in,located_in,,{}
17f69b242a4l0i2onfyowzjcqnhqab,17f69a8e6e3l0i2mbkue80sw8q9e9m,npc_located_in,located_in,,{}
17f69b22fd9l0i2ono62dded63kgv,17f69a08d1al0i2mbb18pbuvaqj0nv,npc_located_in,located_in,,{}
17f69a53534l0i2ooknu8c8fgegqyk,17f69e79661l0i2m9c3uzzwon60ru,npc_located_in,located_in,,{}
17f69f5e08al0i2opgccucgwqfl6n6,17f698099f7l0i2miaetoao4rp6xtb,npc_located_in,located_in,,{}
17f69cd5735l0i2opwywnh7fxq5rof,17f69630438l0i2mqvzhowrb84vyy,npc_located_in,located_in,,{}
17f696fdac2l0i2oq2molwm1a5hu8i,17f6973267cl0i2mjmwm9vdpxj72u,npc_located_in,located_in,,{}
17f6974b8aal0i2oq6qbzsegb120iw,17f69a3ca6bl0i2m99b111ivu2aamcc,npc_located_in,located_in,,{}
17f69b6a938l0i2oqf3un7j999hkw,17f6981d80cl0i2mlvehfutqz69f7c,npc_located_in,located_in,,{}
17f69eff01al0i2oqjvfu73rchcwbv,17f69922e0fl0i2mlawpo9eps0kqe,npc_located_in,located_in,,{}
17f69958b0al0i2oqm9ou8yw1ogg8,17f69a317f4l0i2m9zw0s2ceqss32f,npc_located_in,located_in,,{}
17f699524dal0i2oqpa3288ofa2qpo,17f69c6be62l0i2mjs3roacssjuxza,npc_located_in,located_in,,{}
17f69719075l0i2oqs9tcpu9et7pj,17f696874a9l0i2mkds3uzk8ol689w,npc_located_in,located_in,,{}
17f699f1b44l0i2orwujvu4mfw544,17f69671b3cl0i2meu31aoc55gpu6w,npc_located_in,located_in,,{}
17f6a3ceea8l0i6yrr9i9li6sityc,17f69aac157l0i2mdq7xv2njkwl739,creature_located_in,located_in,,{}
17f69f92eebl0i6yshu9cbf402o9dp,17f69a317f4l0i2m9zw0s2ceqss32f,creature_located_in,located_in,,{}
17f69f11a62l0i6yswxrtoktawxqv,17f698984e2l0i2mpau822kzbjamiq,creature_located_in,located_in,,{}
17f69d1f23cl0i6ytdsizgpbatwgb,17f696fcc61l0i2mesvptc01pvt2k,creature_located_in,located_in,,{}
17f69df2d3cl0i6ytiz05kga4oygzh,17f69a317f4l0i2m9zw0s2ceqss32f,creature_located_in,located_in,,{}
17f6a53e49dl0i6yunvzzo7rq8l7cb,17f696fcc61l0i2mesvptc01pvt2k,creature_located_in,located_in,,{}
17f6a4b452bl0i6yuv2ywajxgixbnd,17f69a317f4l0i2m9zw0s2ceqss32f,creature_located_in,located_in,,{}
17f6a4415dcl0i6yv78pnx35hqq3u8,17f6986ad2el0i2m7q7y6gl2myxkh8,creature_located_in,located_in,,{}
17f6a55a3a8l0i6yvd9wioasyfq39c,17f698e05eel0i2m8lxtk1iuo5pp3,creature_located_in,located_in,,{}
17f6a55a3a8l0i6yvd9wioasyfq39c,17f699556dcl0i2mb8hu2t8gym49k9,creature_located_in,located_in,,{}
17f6a55a3a8l0i6yvd9wioasyfq39c,17f69d80346l0i2md4i5cedghtnq25,creature_located_in,located_in,,{}
17f69cf16d9l0i6yvjvc9in38ydv3c,17f698e05eel0i2m8lxtk1iuo5pp3,creature_located_in,located_in,,{}
17f6a05a586l0i6yvqntjzd6hpa4jl,17f69a317f4l0i2m9zw0s2ceqss32f,creature_located_in,located_in,,{}
17f69e78bd0l0i6ywdt9vwdes5tt4b,17f696fcc61l0i2mesvptc01pvt2k,creature_located_in,located_in,,{}
17f6a23208cl0i6ywofpwtfyw4q8jl,17f69a317f4l0i2m9zw0s2ceqss32f,creature_located_in,located_in,,{}
17f6a353752l0i6ywvuiyio67jzpbh,17f69bc29c9l0i2m8mjnl6ac43o3sa,creature_located_in,located_in,,{}
17f69fd0dd7l0i6yx1o187uqkxkf08,17f69e4cd2al0i2mmjf7o5gwy7nhbg,creature_located_in,located_in,,{}
17f69fd0dd7l0i6yx1o187uqkxkf08,17f69759442l0i2mkz2ozy780lp1ia,creature_located_in,located_in,,{}
17f69eb7e95l0i6yxnw6glz7q4fubb,17f69d93dd7l0i2mn5cuabfm8gwktg,creature_located_in,located_in,,{}
17f6a2def99l0i6yxwb7eyuhvu38tg,17f69bb1acal0i2mitcppzloop1zos,creature_located_in,located_in,,{}
17f6a4e77c6l0i6yz8ue9ura86soil,17f69ebf5c7l0i2mf0jf9uvcbi972,creature_located_in,located_in,,{}
17f69fb509el0i6z0gtmfmrez3jub,17f69bd98abl0i2msf1hgi0pk8vssd,creature_located_in,located_in,,{}
17f6a302bd7l0i6z12o9lq9y1lew9n,17f699ac779l0i2mjk3m8nufj4z7fe,creature_located_in,located_in,,{}
17f6a302bd7l0i6z12o9lq9y1lew9n,17f69f6581cl0i2msjrduyrq5lzcub,creature_located_in,located_in,,{}
17f69cf24d6l0i6z1pyyc80cokt3a,17f697f9642l0i2molzde5v6dex4io,creature_located_in,located_in,,{}
17f6a5b8c8al0i6z1sda5f93o89ubg,17f698657ecl0i2mtswf7rb3f7u2l7,creature_located_in,located_in,,{}
17f6a3a9029l0i6z27h60v22c5sisi,17f6961933bl0i2m880lere7qq0dqn,creature_located_in,located_in,,{}
17f6a3a9029l0i6z27h60v22c5sisi,17f69a8e6e3l0i2mbkue80sw8q9e9m,creature_located_in,located_in,,{}
17f6a3a9029l0i6z27h60v22c5sisi,17f69755f06l0i2m9ygrrte15vxjjn,creature_located_in,located_in,,{}
17f69f23c47l0i6z297epd0jcox8d,17f69810cebl0i2mdzlqf85vs5362m,creature_located_in,located_in,,{}
17f69d31a06l0i6z2kyia61ityqps,17f69e79661l0i2m9c3uzzwon60ru,creature_located_in,located_in,,{}
17f6a1704cdl0i6z2ohrqnekxuveon,17f699ac779l0i2mjk3m8nufj4z7fe,creature_located_in,located_in,,{}
17f69db3251l0i6z2uxrqc134y3ewp,17f699ac779l0i2mjk3m8nufj4z7fe,creature_located_in,located_in,,{}
17f6a468558l0i6z3evwocwf8dyje,17f697036fbl0i2mtt1y66q5foxdq,creature_located_in,located_in,,{}
17f6a542bd4l0i6z3nv6rhyzwgpy3s,17f69efba83l0i2mv5car0cnamiotl,creature_located_in,located_in,,{}
17f6a590e96l0i6z3ozc8rcbywnwpk,17f69a8e6e3l0i2mbkue80sw8q9e9m,creature_located_in,located_in,,{}
17f6a0988d8l0i6z4hc87seey9tml6,17f69ca396cl0i2mdysgmasljm2zkm,creature_located_in,located_in,,{}
17f6a0988d8l0i6z4hc87seey9tml6,17f69c399c9l0i2mil0mh3d0ps7e7,creature_located_in,located_in,,{}
17f6a0988d8l0i6z4hc87seey9tml6,17f69aac157l0i2mdq7xv2njkwl739,creature_located_in,located_in,,{}
17f6a01fd7dl0i6z4m61s5fhcnqbsl,17f698e05eel0i2m8lxtk1iuo5pp3,creature_located_in,located_in,,{}
17f6a01fd7dl0i6z4m61s5fhcnqbsl,17f69e4cd2al0i2mmjf7o5gwy7nhbg,creature_located_in,located_in,,{}
17f6a01fd7dl0i6z4m61s5fhcnqbsl,17f699ac779l0i2mjk3m8nufj4z7fe,creature_located_in,located_in,,{}
17f69f69a20l0i6z54ww74ju60bty,17f69a8e6e3l0i2mbkue80sw8q9e9m,creature_located_in,located_in,,{}
17f69d7e1b7l0i6z5a4ncivwwpp2qj,17f69a317f4l0i2m9zw0s2ceqss32f,creature_located_in,located_in,,{}
17f6a1f8766l0i6z5q9r5tu6mrj36h,17f69a317f4l0i2m9zw0s2ceqss32f,creature_located_in,located_in,,{}
17f6a3a46ccl0i6z5xed8ncsfqghvd,17f69a8e6e3l0i2mbkue80sw8q9e9m,creature_located_in,located_in,,{}
17f6a30a47el0i6z6ibwvy43l0c4ve,17f69bc3adbl0i2mjzcn0qc9u6t9bk,creature_located_in,located_in,,{}
17f6a30a47el0i6z6ibwvy43l0c4ve,17f69759442l0i2mkz2ozy780lp1ia,creature_located_in,located_in,,{}
17f69d1e7e0l0i6z6mt86j6rq8kd7k,17f69a317f4l0i2m9zw0s2ceqss32f,creature_located_in,located_in,,{}
17f6a593684l0i6z7nl19q2aff4zjt,17f696fcc61l0i2mesvptc01pvt2k,creature_located_in,located_in,,{}
17f69dd4a95l0i6z7rq2htblkttsdr,17f699ae4a0l0i2m7xeop7sxh8y65e,creature_located_in,located_in,,{}
17f69dd4a95l0i6z7rq2htblkttsdr,17f6986ad2el0i2m7q7y6gl2myxkh8,creature_located_in,located_in,,{}
17f695abef9l0i1ujzrup5y0z7rw6,17f69ac78dcl0i1pke5of594dboffh,boss_drops,drops,,{}
17f69a3ca37l0i1ukd1lq14ctafbk,17f6964ed65l0hynyrzn67dmtv89e,boss_drops,drops,,{}
17f69a63610l0i1ukyx7xgx6vf0zoa,17f69773db5l0hyo3532itzerrsdj,boss_drops,drops,,{}
17f69878c4al0i1ul0i7dsfou8igrk,17f69f6b0d2l0i2su0uxibci7qzsn,boss_drops,drops,,{}
17f69878c4al0i1ul0i7dsfou8igrk,17f6951db06l0i1or16gi01imzlv6v,boss_drops,drops,,{}
17f69878c4al0i1ul0i7dsfou8igrk,17f69466705l0i0pdkl9qzvc1ca9lv,boss_drops,drops,,{}
17f69878c4al0i1ul0i7dsfou8igrk,17f697fc762l0i0o5zexo0qk2z7ts9,boss_drops,drops,,{}
17f69878c4al0i1ul0i7dsfou8igrk,17f69a8afbbl0i0ol3s36b3idrf5x5,boss_drops,drops,,{}
17f69878c4al0i1ul0i7dsfou8igrk,17f695e6e41l0i0prslappmip8fo8i,boss_drops,drops,,{}
17f69d4387al0i1ulpqqumwqw05j3c,17f6969e375l0i2srh8fpkcyede0z,boss_drops,drops,,{}
17f69d7fe72l0i1ultk418yedh25s7,17f6969e375l0i2srh8fpkcyede0z,boss_drops,drops,,{}
17f69a61779l0i1ulv0a3ru8iy0zh5,17f69d4d41el0i1p7vs0vjortsg7oc,boss_drops,drops,,{}
17f69a61779l0i1ulv0a3ru8iy0zh5,17f69a5df3cl0i1pboo1un3fj711tg,boss_drops,drops,,{}
17f69a61779l0i1ulv0a3ru8iy0zh5,17f699ef109l0i1oj1cqtn6euxicod,boss_drops,drops,,{}
17f69a61779l0i1ulv0a3ru8iy0zh5,17f69a3190el0i1pqs4x6j5c6xpye,boss_drops,drops,,{}
17f69bd3c06l0i1ulx2jxbiogta1i,17f697e45b3l0i2sol3u2c1y0ja11,boss_drops,drops,,{}
17f69bd3c06l0i1ulx2jxbiogta1i,17f69d47ea5l0i2sokp40249x3da4f,boss_drops,drops,,{}
17f69bd3c06l0i1ulx2jxbiogta1i,17f69c9bfc8l0i2sze3h5gawcr577p,boss_drops,drops,,{}
17f69bd3c06l0i1ulx2jxbiogta1i,17f69bb7d32l0i1ou85ft99zwecdel,boss_drops,drops,,{}
17f69637e92l0i1um8wqsflgk3i9yr,17f697d9a68l0i1oqeay5e8bb4oc3g,boss_drops,drops,,{}
17f69563d15l0i1umhb4am3xzuib3g,17f69a2445bl0i2svl6l9dei5cxhbd,boss_drops,drops,,{}
17f69563d15l0i1umhb4am3xzuib3g,17f6990b8f9l0i1poeub82lv32r18o,boss_drops,drops,,{}
17f69d6ca41l0i1umlxg0j36mhrnzr,17f6956fa2el0i209gnb9oi6el6zzg,boss_drops,drops,,{}
17f698b7d2fl0i1umtkf7cu5a21hdw,17f69912ed2l0i1oxzumweqnzkb2tl,boss_drops,drops,,{}
17f69562d87l0i1umxu2qwle86ai8q,17f6991e5c5l0i1p8vp4fgo45r89ky,boss_drops,drops,,{}
17f69562d87l0i1umxu2qwle86ai8q,17f69799c84l0i205u6lcu7cimt6go,boss_drops,drops,,{}
17f699b0755l0i1un48m87fngquaw,17f69914456l0i1p5gc8d6bi642ubp,boss_drops,drops,,{}
17f699b0755l0i1un48m87fngquaw,17f6942b378l0i0osl39wglen5m7i9,boss_drops,drops,,{}
17f699b0755l0i1un48m87fngquaw,17f69c07710l0i0nkbcxuu9u5cmd9,boss_drops,drops,,{}
17f699b0755l0i1un48m87fngquaw,17f699674a7l0i0o9cphpbh7jo0gv7,boss_drops,drops,,{}
17f699b0755l0i1un48m87fngquaw,17f69549e50l0i0pi11yunxsy375d,boss_drops,drops,,{}
17f69e151d8l0i1uo19hl8r6l0snmo,17f69b3ce89l0i2sxo7j01c9t4v2b,boss_drops,drops,,{}
17f69e151d8l0i1uo19hl8r6l0snmo,17f69ad7529l0i2syzo9ji7wrucoq5,boss_drops,drops,,{}
17f69bcc1cdl0i1uoai2hm5tcbuhh2,17f6956fa2el0i209gnb9oi6el6zzg,boss_drops,drops,,{}
17f6961da46l0i1uoh7hemoben3dtg,17f69d455c5l0i205a3k0wzn2ypqle,boss_drops,drops,,{}
17f6961da46l0i1uoh7hemoben3dtg,17f69a35611l0i20597yedxrkvphsh,boss_drops,drops,,{}
17f69559137l0i1uoqf3qzndh0901t,17f69c3d8d6l0i20606xv4qubbfu7p,boss_drops,drops,,{}
17f69559137l0i1uoqf3qzndh0901t,17f69d9db08l0i1znvqfeg973qx3p,boss_drops,drops,,{}
17f69b39c43l0i1up7iq7q4lvvgyc,17f69dd8093l0i1oj6x6qo6tg76q8,boss_drops,drops,,{}
17f69625d6el0i1upqw478c5kvsjv3,17f69469b4bl0i1oo41w96vla79ii,boss_drops,drops,,{}
17f69625d6el0i1upqw478c5kvsjv3,17f69872931l0i12dy19gq5ij75yoe,boss_drops,drops,,{}
17f69de1071l0i1uprrms3umg3rug,17f69c95d75l0i1paugymrcjquua4q,boss_drops,drops,,{}
17f69a6fae3l0i1uq63au7m71cs8mh,17f693bd4f8l0hynrzaixs0xzre1q,boss_drops,drops,,{}
17f69a6fae3l0i1uq63au7m71cs8mh,17f695ad891l0hynrxcposdnx7gy9h,boss_drops,drops,,{}
17f699200d2l0i1uqbs9w1ijmp2ner,17f6939dc0dl0hyo003ig3i03oy5eh,boss_drops,drops,,{}
17f69bf3366l0i1uqds10qc8exqn1ik,17f69c5468fl0i203fvz09odp0k4pq,boss_drops,drops,,{}
17f699dadfbl0i1uqmgi50oii11eaj,17f69aed689l0i203q40vkjazumcks,boss_drops,drops,,{}
17f695cb903l0i1uqqf40ik8th6wqw,17f69af1239l0i1p6tbsakd85i69of,boss_drops,drops,,{}
17f695cb903l0i1uqqf40ik8th6wqw,17f69ac13ecl0i12e68qij6rgf53vp,boss_drops,drops,,{}
17f69579c3dl0i1uqxt6ul73e103ur,17f69c66a45l0i2sswom5whqqzshn,boss_drops,drops,,{}
17f6969fb51l0i1ur3o74ppc7h3gl5,17f69d744c5l0i20jwe37b04q6po19,boss_drops,drops,,{}
17f6969fb51l0i1ur3o74ppc7h3gl5,17f69da9423l0i20jnhwocxfpp5qa,boss_drops,drops,,{}
17f6969fb51l0i1ur3o74ppc7h3gl5,17f697c721fl0i20j4uws9c44dnb3e,boss_drops,drops,,{}
17f6969fb51l0i1ur3o74ppc7h3gl5,17f69730a73l0i20ivfxo0h69aodo,boss_drops,drops,,{}
17f6969fb51l0i1ur3o74ppc7h3gl5,17f69e3acc0l0i20kqrn0lto40la6k,boss_drops,drops,,{}
17f6969fb51l0i1ur3o74ppc7h3gl5,17f6973d2b5l0i20kjwc86cu35lbi,boss_drops,drops,,{}
17f6969fb51l0i1ur3o74ppc7h3gl5,17f6951b682l0i20km8uli0fh4xor8,boss_drops,drops,,{}
17f6969fb51l0i1ur3o74ppc7h3gl5,17f69d587e6l0i20ldq6svu7yi213g,boss_drops,drops,,{}
17f6969fb51l0i1ur3o74ppc7h3gl5,17f69b0a8d8l0i20liyue9ium4r8va,boss_drops,drops,,{}
17f6969fb51l0i1ur3o74ppc7h3gl5,17f697c721fl0i20j4uws9c44dnb3e,boss_drops,drops,,{}
17f6969fb51l0i1ur3o74ppc7h3gl5,17f69880f5cl0i20lxljnhf615863,boss_drops,drops,,{}
17f69725115l0i1urx3t47u0gfs43,17f6956fa2el0i209gnb9oi6el6zzg,boss_drops,drops,,{}
17f69ba1aa7l0i1us08w3dodkoeju,17f69b51e87l0i202t1add41xwy9y7,boss_drops,drops,,{}
17f69846e66l0i1us1stxjbqloi1z,17f6956fa2el0i209gnb9oi6el6zzg,boss_drops,drops,,{}
17f6953dec4l0i1uso41jlanmo9c4v,17f6956fa2el0i209gnb9oi6el6zzg,boss_drops,drops,,{}
17f69c4aefal0i1usvodp9osviy7v,17f69c0c973l0i2sw8w6uvbwqiqfmy,boss_drops,drops,,{}
17f696099a7l0i1ut7jqzmbg7hm5tk,17f69c0c973l0i2sw8w6uvbwqiqfmy,boss_drops,drops,,{}
17f69a82a2el0i1uta5rxvqv53g7e,17f6995d3d0l0i202bb7hvshtg9usl,boss_drops,drops,,{}
17f697d2396l0i1utcv9km3qxcnt6m,17f69b3daf5l0i2065ib5jg6rmi10i,boss_drops,drops,,{}
17f69c1bc31l0i1utrgxwhdp1csdis,17f69c7f897l0i2srkhjmyvn5rfnva,boss_drops,drops,,{}
17f69c1bc31l0i1utrgxwhdp1csdis,17f69860befl0hyntmsoo0kq76fsvd,boss_drops,drops,,{}
17f69e15137l0i1uu7e0w9qynlhveh,17f6963cc83l0i1pk36gu3e5f8fpxm,boss_drops,drops,,{}
17f69b45618l0i1uuc1z6qlw7hnnq,17f69528e34l0i1pq5pn4dg3bbkmj,boss_drops,drops,,{}
17f69b45618l0i1uuc1z6qlw7hnnq,17f692422c4l0hyo84mlas2e4zch5,boss_drops,drops,,{}
17f69b45618l0i1uuc1z6qlw7hnnq,17f6989b8a1l0i0oxc717li12uf4am,boss_drops,drops,,{}
17f69b45618l0i1uuc1z6qlw7hnnq,17f69587918l0i0nrw5hhe7jpirj1l,boss_drops,drops,,{}
17f69b45618l0i1uuc1z6qlw7hnnq,17f695cd952l0i0pkshargec6vkeul,boss_drops,drops,,{}
17f69b45618l0i1uuc1z6qlw7hnnq,17f69c7f897l0i2srkhjmyvn5rfnva,boss_drops,drops,,{}
17f69b45618l0i1uuc1z6qlw7hnnq,17f69860befl0hyntmsoo0kq76fsvd,boss_drops,drops,,{}
17f69814439l0i1uuifby3b0bn9gs,17f69c7f897l0i2srkhjmyvn5rfnva,boss_drops,drops,,{}
17f69814439l0i1uuifby3b0bn9gs,17f69860befl0hyntmsoo0kq76fsvd,boss_drops,drops,,{}
17f69814439l0i1uuifby3b0bn9gs,17f6969f10el0i1pecne5vzed6lx56,boss_drops,drops,,{}
17f69814439l0i1uuifby3b0bn9gs,17f6962911el0hyo4s02nf0ie24nvc,boss_drops,drops,,{}
17f69bf253bl0i1uuma3733w2zwodm,17f69da909al0i20aqnq0fxca1m5be,boss_drops,drops,,{}
17f69bf253bl0i1uuma3733w2zwodm,17f69523142l0i1pm7iurzr5rt7vpb,boss_drops,drops,,{}
17f69bf253bl0i1uuma3733w2zwodm,17f6989b386l0i12e4lob57bdw1rqq,boss_drops,drops,,{}
17f695022a1l0i1uv9aohy5ip9yh9f,17f6995d3d0l0i202bb7hvshtg9usl,boss_drops,drops,,{}
17f69a5abc3l0i1uvfn18gmmqaf8jvj,17f69cd1ed6l0i2ssohaju8uk3qvro,boss_drops,drops,,{}
17f69cbe6cbl0i1uvgek1x2hoimz99,17f69811f79l0i2spa5kavq1z95u5i,boss_drops,drops,,{}
17f69b5bcb4l0i1uvn888e99evsdgh,17f69cd1ed6l0i2ssohaju8uk3qvro,boss_drops,drops,,{}
17f69644c82l0i1uw7sqlk2v4b6bfg,17f69ba4b74l0i1omi90yu0wdq7oxu,boss_drops,drops,,{}
17f699223e7l0i1uwcol7wflmcgajb,17f6968b770l0i203kwq77zbsiq5om,boss_drops,drops,,{}
17f69bfa759l0i1uwfa0yrdvzcov1i,17f6956fa2el0i209gnb9oi6el6zzg,boss_drops,drops,,{}
17f69bfa759l0i1uwfa0yrdvzcov1i,17f69a10accl0i1pfj7uwvc9kzei7d,boss_drops,drops,,{}
17f69a48308l0i1ux3rigvv37tx84f,17f69881ac4l0i203w68wewtomkibu,boss_drops,drops,,{}
17f69dbf58cl0i1ux7vft8wsk6ejbb,17f698f3aadl0i2038pwv566m3ddrj,boss_drops,drops,,{}
17f699a40dfl0i1ux9v66kv7dyxcqx,17f697609cfl0i2sv7ve0yxa2u67ps,boss_drops,drops,,{}
17f699a40dfl0i1ux9v66kv7dyxcqx,17f69c517f3l0i1p1j5gib5p31b06c,boss_drops,drops,,{}
17f69e11c75l0i1uxa6gb2wpb12ipb,17f6955a164l0i0pbrirpnedg2w1ld,boss_drops,drops,,{}
17f698a5648l0i1uxs5sk4eq7dy3vh,17f69c19b1al0i1p77ig6czaoxosd,boss_drops,drops,,{}
17f69a3b2f2l0i1uy2usy0fea155ms,17f6973c98fl0hynv5gnjf09yvy8y,boss_drops,drops,,{}
17f69d3101al0i1uyefex03ulrqazi,17f6959a5afl0i1oqpihevj06l1n6f,boss_drops,drops,,{}
17f69d3101al0i1uyefex03ulrqazi,17f6956fa2el0i209gnb9oi6el6zzg,boss_drops,drops,,{}
17f69d237f0l0i1uytr06ed4gz92qdj,17f695341ecl0i1oyf1mscsd2tuuid,boss_drops,drops,,{}
17f6963b02cl0i1uyzthmeyyq45wna,17f69913ab4l0i1otlpefqm0g08exp,boss_drops,drops,,{}
17f69a1be26l0i1uz1kl2dyuibof4d,17f69d61012l0i2sqr9dmioj7dxngi,boss_drops,drops,,{}
17f69a1be26l0i1uz1kl2dyuibof4d,17f69c517f3l0i1p1j5gib5p31b06c,boss_drops,drops,,{}
17f69a1be26l0i1uz1kl2dyuibof4d,17f69c517f3l0i1p1j5gib5p31b06c,boss_drops,drops,,{}
17f69a36cf8l0i1uz6gmzy0dr777k,17f69d4ff4fl0i1oq3u3wuk37p9n8y,boss_drops,drops,,{}
17f699ad704l0i1uzmqfup4jxyto7,17f69ab06d7l0i1z78pkil3bve557,boss_drops,drops,,{}
17f699ad704l0i1uzmqfup4jxyto7,17f69b33f87l0i0o0laxlmu9r8hc2l,boss_drops,drops,,{}
17f697e343bl0i1uznxx67p026exqf,17f693478b3l0i0p8awadxwww5fst8,boss_drops,drops,,{}
17f697e343bl0i1uznxx67p026exqf,17f69c4120fl0i20v0co0r953ef5a,boss_drops,drops,,{}
17f69cfaee3l0i1uzongoyxg1dptid,17f69561a93l0i1zn82gmca4ahwx1j,boss_drops,drops,,{}
17f6992c3e3l0i1v0af3d14p4dcgzx,17f69c3d8d6l0i20606xv4qubbfu7p,boss_drops,drops,,{}
17f69ae5092l0i1v0k714w3s2jz8tj,17f69c57af4l0i1zzs199y8izriyrk,boss_drops,drops,,{}
17f699179aal0i1v13n497m1yhps2s,17f69b80630l0i2sum3q22drl273qe,boss_drops,drops,,{}
17f696d979al0i1v1775oof02bi8oh,17f6982c67cl0i202fvde54suq2f7,boss_drops,drops,,{}
17f698d3cc6l0i1v18wptud2du5ts,17f696240e3l0i1p2l8nsbm1tuf3kq,boss_drops,drops,,{}
17f69ca8b2al0i1v1pg987jdl4cd68,17f69751613l0i0nbp9nsdqjza4rxf,boss_drops,drops,,{}
17f69ca8b2al0i1v1pg987jdl4cd68,17f69515b49l0i0nbno079cqzlskebf,boss_drops,drops,,{}
17f69ca8b2al0i1v1pg987jdl4cd68,17f6984f152l0i0nc38cztqhxqc6rw,boss_drops,drops,,{}
17f69ca8b2al0i1v1pg987jdl4cd68,17f696e0685l0i0nblzy58h0qvewk,boss_drops,drops,,{}
17f69ca8b2al0i1v1pg987jdl4cd68,17f6980f9d0l0i1pdddh1p7a12vqnc,boss_drops,drops,,{}
17f6968dcfal0i1v1y8dnaop27j5qg,17f698fde01l0i208oj9xgaolt458e,boss_drops,drops,,{}
17f6968dcfal0i1v1y8dnaop27j5qg,17f698fde01l0i208oj9xgaolt458e,boss_drops,drops,,{}
17f6968dcfal0i1v1y8dnaop27j5qg,17f698fde01l0i208oj9xgaolt458e,boss_drops,drops,,{}
17f69621aadl0i1v2f5fkvee5z6719,17f6959a6ccl0i20l8o0t2gzabbv4g,boss_drops,drops,,{}
17f69621aadl0i1v2f5fkvee5z6719,17f69e2c73dl0i20j8em1vna080i3k,boss_drops,drops,,{}
17f697500cal0i1v2hh14qewvbrwrn,17f69d64ed7l0i1p7jmmtge0ag3i4,boss_drops,drops,,{}
17f697500cal0i1v2hh14qewvbrwrn,17f695e037bl0i1pqkyetqd7zbu8l,boss_drops,drops,,{}
17f696a35c3l0i1v2k2s30hlu2y50j,17f6955db65l0i20ldhqzkp3n6bm9o,boss_drops,drops,,{}
17f696a35c3l0i1v2k2s30hlu2y50j,17f696fcbd8l0i20lfm0397f7x0dt3d,boss_drops,drops,,{}
17f6992d42bl0i1v2mmti9t0qkl5yj,17f6973b001l0i1p9v6qffivf6eh3,boss_drops,drops,,{}
17f6992d42bl0i1v2mmti9t0qkl5yj,17f694b1b61l0i12e5nf59cb5qk7vu,boss_drops,drops,,{}
17f6992d42bl0i1v2mmti9t0qkl5yj,17f6964c944l0i201hw2l5522zote8,boss_drops,drops,,{}
17f6a0bda2cl0i6yrtkvf0vjp9puf,17f6990bdf6l0i20qullo8dvtakzql,creature_drops,drops,,{}
17f6a4a6036l0i6yrvd9spb0xhw8tg,17f69641acfl0i20x74jhiu021r24,creature_drops,drops,,{}
17f6a170239l0i6ysg3xam4t0zopmn,17f69b005b3l0i1pnmcmlgow749t19,creature_drops,drops,,{}
17f6a170239l0i6ysg3xam4t0zopmn,17f698c0fdel0i20q1a623yipgjzvv,creature_drops,drops,,{}
17f69f92eebl0i6yshu9cbf402o9dp,17f69786a0dl0i20spggpk96zw6ibw,creature_drops,drops,,{}
17f69f7b6e7l0i6ysj8mlloa8u65n9,17f699a6ce0l0i20vkg2lnygo0fg4x,creature_drops,drops,,{}
17f69ee8f6el0i6ysmpe59c9uqwri4,17f6987b884l0i20ots2fyt472bwzt,creature_drops,drops,,{}
17f69ee8f6el0i6ysmpe59c9uqwri4,17f698fe982l0i20w7mxzp4xobarr,creature_drops,drops,,{}
17f69edd929l0i6yt0z56hlzhtjwzu,17f69d3d30fl0i20vsmh310ariv4e,creature_drops,drops,,{}
17f69edd929l0i6yt0z56hlzhtjwzu,17f698a8a22l0i20noyxxsyz5zu5so,creature_drops,drops,,{}
17f69dccb97l0i6yt6w0ys92ic7km6p,17f69786a0dl0i20spggpk96zw6ibw,creature_drops,drops,,{}
17f69eb0a50l0i6yt8vwaeqz4djpgo,17f69a2fb8al0i20ry76zl5i6p6jf9,creature_drops,drops,,{}
17f69df2d3cl0i6ytiz05kga4oygzh,17f698c0fdel0i20q1a623yipgjzvv,creature_drops,drops,,{}
17f69df2d3cl0i6ytiz05kga4oygzh,17f69cce56dl0i20vh7gio2hcq6dd5,creature_drops,drops,,{}
17f69d72c7bl0i6ytp7vgblxte06s,17f6987b884l0i20ots2fyt472bwzt,creature_drops,drops,,{}
17f69d72c7bl0i6ytp7vgblxte06s,17f698fe982l0i20w7mxzp4xobarr,creature_drops,drops,,{}
17f6a2f96a7l0i6ytu14rxjb7bw7x9,17f69a07a1al0i20ss320opmzoy91l,creature_drops,drops,,{}
17f6a2f96a7l0i6ytu14rxjb7bw7x9,17f698fe982l0i20w7mxzp4xobarr,creature_drops,drops,,{}
17f69d7f00al0i6ytxittgv1hoa7vg,17f698fe982l0i20w7mxzp4xobarr,creature_drops,drops,,{}
17f69d7f00al0i6ytxittgv1hoa7vg,17f6987b884l0i20ots2fyt472bwzt,creature_drops,drops,,{}
17f6a48e789l0i6yu31h78fyzf033f,17f6975a9acl0i1zoayos0878n8oh,creature_drops,drops,,{}
17f6a376603l0i6yuaiwj16jsztf7e,17f698c0fdel0i20q1a623yipgjzvv,creature_drops,drops,,{}
17f6a376603l0i6yuaiwj16jsztf7e,17f69a0ffaal0i20q99jl7kkmdd88,creature_drops,drops,,{}
17f6a359878l0i6yufgzh9jcns3vb,17f69641acfl0i20x74jhiu021r24,creature_drops,drops,,{}
17f6a4b452bl0i6yuv2ywajxgixbnd,17f69ca09d3l0i20t8ikhdavucxz6k,creature_drops,drops,,{}
17f6a070695l0i6yv1st2tyq59xlk,17f69b7b57fl0i20tzbiubv6jcq8jj,creature_drops,drops,,{}
17f6a55a3a8l0i6yvd9wioasyfq39c,17f69cd6520l0i1zkfatyirikr6qrf,creature_drops,drops,,{}
17f6a55a3a8l0i6yvd9wioasyfq39c,17f6956598al0i1zr6fcz3amgdevdi,creature_drops,drops,,{}
17f6a26dde8l0i6yvhv0sfaca0cp78l,17f69d3d30fl0i20vsmh310ariv4e,creature_drops,drops,,{}
17f69cf16d9l0i6yvjvc9in38ydv3c,17f695d12a2l0i20wj4zy22pjjmjug,creature_drops,drops,,{}
17f6a05a586l0i6yvqntjzd6hpa4jl,17f695d12a2l0i20wj4zy22pjjmjug,creature_drops,drops,,{}
17f6a05a586l0i6yvqntjzd6hpa4jl,17f69d3d30fl0i20vsmh310ariv4e,creature_drops,drops,,{}
17f6a05a586l0i6yvqntjzd6hpa4jl,17f698a8a22l0i20noyxxsyz5zu5so,creature_drops,drops,,{}
17f69dc762dl0i6yvxw3r8a3zemfvb,17f6953a99el0i1zp7dxh4533wgeze,creature_drops,drops,,{}
17f69f93e2cl0i6ywpl2tdr0v79vp8,17f698700d4l0i20wzka5xr5167mqc,creature_drops,drops,,{}
17f6a353752l0i6ywvuiyio67jzpbh,17f69786a0dl0i20spggpk96zw6ibw,creature_drops,drops,,{}
17f69eb5eefl0i6yx32k657x6so7zf,17f69575078l0i1z3hvssftszqfcdc,creature_drops,drops,,{}
17f6a4720aal0i6yxmkks4qfttp3b8,17f69d42419l0i1oujp0m1csaaqdanf,creature_drops,drops,,{}
17f69eb7e95l0i6yxnw6glz7q4fubb,17f69c39d47l0i1zxgqfco64hbk1nd,creature_drops,drops,,{}
17f69eb7e95l0i6yxnw6glz7q4fubb,17f69e49085l0i2sudupmymnf7is0e,creature_drops,drops,,{}
17f69eb7e95l0i6yxnw6glz7q4fubb,17f69c39d47l0i1zxgqfco64hbk1nd,creature_drops,drops,,{}
17f69eb7e95l0i6yxnw6glz7q4fubb,17f698a1aa2l0i1p2ttzr3kqvtkrqo,creature_drops,drops,,{}
17f6a01ad5cl0i6yxv6sq0qoo7tk0a,17f69c39d47l0i1zxgqfco64hbk1nd,creature_drops,drops,,{}
17f6a01ad5cl0i6yxv6sq0qoo7tk0a,17f6946d08bl0i1pfb4sevs913hvu,creature_drops,drops,,{}
17f6a01ad5cl0i6yxv6sq0qoo7tk0a,17f69956005l0i0p6bnh0z0hsvuqfv,creature_drops,drops,,{}
17f6a2def99l0i6yxwb7eyuhvu38tg,17f69c39d47l0i1zxgqfco64hbk1nd,creature_drops,drops,,{}
17f6a2def99l0i6yxwb7eyuhvu38tg,17f69b4efcfl0i208rome3b7ahkojo,creature_drops,drops,,{}
17f6a10de56l0i6yygvqflqpozsvd,17f69c39d47l0i1zxgqfco64hbk1nd,creature_drops,drops,,{}
17f6a10de56l0i6yygvqflqpozsvd,17f696bf334l0i1oog74vy08h3bq4g,creature_drops,drops,,{}
17f69e29ac1l0i6yyt36xomtyw80pr,17f69a78385l0i1z1czzifpit6ox3p,creature_drops,drops,,{}
17f69d42847l0i6yywsyxrvn97q7pa,17f697b4c08l0i1pomqr1pxcel70uf,creature_drops,drops,,{}
17f69d42847l0i6yywsyxrvn97q7pa,17f695f6f46l0i0p2ykast2we1aq1l,creature_drops,drops,,{}
17f69d42847l0i6yywsyxrvn97q7pa,17f6993cfa0l0i0nvrvi3hjy93drk,creature_drops,drops,,{}
17f6a16077el0i6yz89rtvo0b08wet,17f6942eeabl0i12apjrp14m98cxmg,creature_drops,drops,,{}
17f69d8f6ecl0i6yzyadne1wptx69k,17f69768007l0i20myf597e9ahqzms,creature_drops,drops,,{}
17f69d8f6ecl0i6yzyadne1wptx69k,17f69470de4l0i0ng3qcwe0r963svq,creature_drops,drops,,{}
17f6a42b641l0i6z019225gr50ro3y,17f6961c7efl0i1p5tbamvedpnmzx4,creature_drops,drops,,{}
17f6a42b641l0i6z019225gr50ro3y,17f698ac740l0i127wziv2s11fd2c,creature_drops,drops,,{}
17f6a42b641l0i6z019225gr50ro3y,17f698a6131l0i1p8u3hufx2lc7nr,creature_drops,drops,,{}
17f6a385eaal0i6z025b3timpwicqi,17f69c4120fl0i20v0co0r953ef5a,creature_drops,drops,,{}
17f69fb509el0i6z0gtmfmrez3jub,17f6978a0d3l0i0nfv5cv59797t18,creature_drops,drops,,{}
17f69d1db06l0i6z0z639orzq5og3g,17f69d10518l0i1pjt3166nis69mk9,creature_drops,drops,,{}
17f69d1db06l0i6z0z639orzq5og3g,17f69e1ba82l0i20xlrxcid1qo6ydb,creature_drops,drops,,{}
17f69d1db06l0i6z0z639orzq5og3g,17f69a1d79cl0i1opcz0k9omitov0n,creature_drops,drops,,{}
17f6a302bd7l0i6z12o9lq9y1lew9n,17f69781475l0i1zsfawh03ylws8b,creature_drops,drops,,{}
17f6a21d89al0i6z17flcn6njlnoa,17f69bf382el0i0njdautt61bo7uj,creature_drops,drops,,{}
17f6a21d89al0i6z17flcn6njlnoa,17f692f026el0i0pgqn9h69g38vkus,creature_drops,drops,,{}
17f6a47d8c4l0i6z1hixh46ze7d0j,17f69cb38bfl0i1zjpuu6hdk5bkppp,creature_drops,drops,,{}
17f6a47d8c4l0i6z1hixh46ze7d0j,17f6976985el0i124znputjytfizsr,creature_drops,drops,,{}
17f6a47d8c4l0i6z1hixh46ze7d0j,17f69ccaa4al0i1orhsuhv0ll0uko,creature_drops,drops,,{}
17f6a47d8c4l0i6z1hixh46ze7d0j,17f69d2a7c6l0i20vpvqzkbel16l5d,creature_drops,drops,,{}
17f6a47d8c4l0i6z1hixh46ze7d0j,17f69af87d1l0i1zkawkfivu9nltzr,creature_drops,drops,,{}
17f6a47d8c4l0i6z1hixh46ze7d0j,17f69cb38bfl0i1zjpuu6hdk5bkppp,creature_drops,drops,,{}
17f6a4a39c2l0i6z1owhunir5sz7ok,17f697cb110l0i0ovwk6xur5qnwbhk,creature_drops,drops,,{}
17f6a4a39c2l0i6z1owhunir5sz7ok,17f69708cd7l0i0nqs88hzvrpj80p7,creature_drops,drops,,{}
17f6a4a39c2l0i6z1owhunir5sz7ok,17f6994bd42l0i0oap9tgxmdz4rsmd,creature_drops,drops,,{}
17f6a4a39c2l0i6z1owhunir5sz7ok,17f697daf0dl0i0pjmfakgpsp5901d,creature_drops,drops,,{}
17f6a4a39c2l0i6z1owhunir5sz7ok,17f69b676c4l0i1pcy677icvt5r8m9,creature_drops,drops,,{}
17f6a4a39c2l0i6z1owhunir5sz7ok,17f696b18f7l0i20py1bglxxi3i3nj,creature_drops,drops,,{}
17f69cf24d6l0i6z1pyyc80cokt3a,17f6960a2b7l0i1ozuak6b667gyiqq,creature_drops,drops,,{}
17f6a2e238el0i6z20md0879bx2sa,17f69c4120fl0i20v0co0r953ef5a,creature_drops,drops,,{}
17f69d31a06l0i6z2kyia61ityqps,17f699a6ce0l0i20vkg2lnygo0fg4x,creature_drops,drops,,{}
17f69d31a06l0i6z2kyia61ityqps,17f69c478dfl0i0ozgmor9bnppal7,creature_drops,drops,,{}
17f6a1704cdl0i6z2ohrqnekxuveon,17f69c39d47l0i1zxgqfco64hbk1nd,creature_drops,drops,,{}
17f6a1704cdl0i6z2ohrqnekxuveon,17f6956598al0i1zr6fcz3amgdevdi,creature_drops,drops,,{}
17f6a1704cdl0i6z2ohrqnekxuveon,17f69654befl0i0oqpddt81oyl2ymq,creature_drops,drops,,{}
17f6a1704cdl0i6z2ohrqnekxuveon,17f69a8a3f0l0i0nhqn02vvk1xgq65q,creature_drops,drops,,{}
17f6a1704cdl0i6z2ohrqnekxuveon,17f69a9b4adl0i0o7ta34gq0aep43h,creature_drops,drops,,{}
17f6a1704cdl0i6z2ohrqnekxuveon,17f69387d24l0i0ph15szdiegzloyc,creature_drops,drops,,{}
17f6a37a5f1l0i6z2ptkcpanfvzxk,17f69a33a88l0i20dxcmnrdd280sk,creature_drops,drops,,{}
17f69d38beel0i6z2uah4n55ouvrrh,17f695c42f0l0i1ohb4cao0qxackpu,creature_drops,drops,,{}
17f6a6452b7l0i6z39vw4cv451i5eh,17f6956598al0i1zr6fcz3amgdevdi,creature_drops,drops,,{}
17f6a6452b7l0i6z39vw4cv451i5eh,17f69c39d47l0i1zxgqfco64hbk1nd,creature_drops,drops,,{}
17f6a6452b7l0i6z39vw4cv451i5eh,17f694eefe9l0i1pto8dn7ezy61a99,creature_drops,drops,,{}
17f6a6452b7l0i6z39vw4cv451i5eh,17f698caf07l0i0ozkyde7or07e6pu,creature_drops,drops,,{}
17f6a6452b7l0i6z39vw4cv451i5eh,17f69abd677l0i0ntbpaq2bpd1xvtv,creature_drops,drops,,{}
17f6a6452b7l0i6z39vw4cv451i5eh,17f69633e9el0i0ocfz1gvzw0dagvj,creature_drops,drops,,{}
17f6a6452b7l0i6z39vw4cv451i5eh,17f69870f92l0i0pksini97stvfbt,creature_drops,drops,,{}
17f6a54cd85l0i6z3dvc1msyzxgnhb,17f695c42f0l0i1ohb4cao0qxackpu,creature_drops,drops,,{}
17f6a590e96l0i6z3ozc8rcbywnwpk,17f693478b3l0i0p8awadxwww5fst8,creature_drops,drops,,{}
17f6a590e96l0i6z3ozc8rcbywnwpk,17f69c4120fl0i20v0co0r953ef5a,creature_drops,drops,,{}
17f6a1094del0i6z3usa6gslbq7dbv,17f69561a93l0i1zn82gmca4ahwx1j,creature_drops,drops,,{}
17f69d18668l0i6z3zu42cdeukhk8j,17f69d3344dl0i20shwvr1yh8ak6b,creature_drops,drops,,{}
17f6a056aafl0i6z4af9sblixpdylg,17f696590dfl0i20qw5kp27t1vuxkl,creature_drops,drops,,{}
17f6a0988d8l0i6z4hc87seey9tml6,17f69a0d3c3l0i0p3o08ykgd7j2xjh,creature_drops,drops,,{}
17f6a01fd7dl0i6z4m61s5fhcnqbsl,17f69adc8c9l0i1znnjz2luapkc2u,creature_drops,drops,,{}
17f6a01fd7dl0i6z4m61s5fhcnqbsl,17f69c09b3fl0i1z5i8s4czdm29hd,creature_drops,drops,,{}
17f69d05071l0i6z4v1gz1oqx0zdoi,17f69c95aedl0i1oqkej3b4sanu0ho,creature_drops,drops,,{}
17f69d05071l0i6z4v1gz1oqx0zdoi,17f69841f31l0i0p19rg3lex25o0oi,creature_drops,drops,,{}
17f69d05071l0i6z4v1gz1oqx0zdoi,17f697169b9l0i0nteof8bmo9j5jgl,creature_drops,drops,,{}
17f69d05071l0i6z4v1gz1oqx0zdoi,17f6956de05l0i0ocg5j3bh9loxbym,creature_drops,drops,,{}
17f69d05071l0i6z4v1gz1oqx0zdoi,17f697e7e13l0i0pkvbhfo23lln9bh,creature_drops,drops,,{}
17f6a10d252l0i6z5198munduncnjs,17f69930219l0i1oytgbre6o33dti,creature_drops,drops,,{}
17f69f69a20l0i6z54ww74ju60bty,17f69c6388cl0i1ohcb8denrbpuhqs,creature_drops,drops,,{}
17f69f69a20l0i6z54ww74ju60bty,17f69d4d11cl0i20tbrfcqa6e5d78g,creature_drops,drops,,{}
17f69d7e1b7l0i6z5a4ncivwwpp2qj,17f69c95aedl0i1oqkej3b4sanu0ho,creature_drops,drops,,{}
17f69d7e1b7l0i6z5a4ncivwwpp2qj,17f6965ed4el0i1zoz7uqkyk6g9g1,creature_drops,drops,,{}
17f69d7e1b7l0i6z5a4ncivwwpp2qj,17f69841f31l0i0p19rg3lex25o0oi,creature_drops,drops,,{}
17f69d7e1b7l0i6z5a4ncivwwpp2qj,17f697169b9l0i0nteof8bmo9j5jgl,creature_drops,drops,,{}
17f69d7e1b7l0i6z5a4ncivwwpp2qj,17f6956de05l0i0ocg5j3bh9loxbym,creature_drops,drops,,{}
17f69d7e1b7l0i6z5a4ncivwwpp2qj,17f697e7e13l0i0pkvbhfo23lln9bh,creature_drops,drops,,{}
17f6a4fb9a1l0i6z5hvvg1hhcj3ei,17f699cd816l0i1oqxnpfv24k6jntj,creature_drops,drops,,{}
17f6a1f8766l0i6z5q9r5tu6mrj36h,17f6956598al0i1zr6fcz3amgdevdi,creature_drops,drops,,{}
17f6a1f8766l0i6z5q9r5tu6mrj36h,17f69c39d47l0i1zxgqfco64hbk1nd,creature_drops,drops,,{}
17f6a1f8766l0i6z5q9r5tu6mrj36h,17f69b3bb2bl0i0pbejz4fvryrl9w,creature_drops,drops,,{}
17f6a1f8766l0i6z5q9r5tu6mrj36h,17f694b4a42l0i0o1wscyguflco4ib,creature_drops,drops,,{}
17f6a1f8766l0i6z5q9r5tu6mrj36h,17f69394600l0i0oiyz8qmiiuhz2ra,creature_drops,drops,,{}
17f6a1f8766l0i6z5q9r5tu6mrj36h,17f696addc9l0i0pq2z3pa3ns5r3n8,creature_drops,drops,,{}
17f6a3a46ccl0i6z5xed8ncsfqghvd,17f693478b3l0i0p8awadxwww5fst8,creature_drops,drops,,{}
17f6a3a46ccl0i6z5xed8ncsfqghvd,17f69c4120fl0i20v0co0r953ef5a,creature_drops,drops,,{}
17f69cf2d89l0i6z60v1napt1t9k63,17f69dea799l0i1p0jj1dc7gc9ooad,creature_drops,drops,,{}
17f69cf2d89l0i6z60v1napt1t9k63,17f69b6fd53l0i0o0j5nmqgl7z5cq,creature_drops,drops,,{}
17f69cf2d89l0i6z60v1napt1t9k63,17f69b2e1f0l0i0oivw4at5v3v4x2z,creature_drops,drops,,{}
17f69cf2d89l0i6z60v1napt1t9k63,17f6937579el0i0pq4dn4l0mcnf8of,creature_drops,drops,,{}
17f6a59863fl0i6z6burs88c0miyu,17f6956598al0i1zr6fcz3amgdevdi,creature_drops,drops,,{}
17f6a59863fl0i6z6burs88c0miyu,17f69c39d47l0i1zxgqfco64hbk1nd,creature_drops,drops,,{}
17f6a59863fl0i6z6burs88c0miyu,17f69b7aec7l0i2sqw1x7ajlmzguyi,creature_drops,drops,,{}
17f69f71f60l0i6z6caa01v3eaefsv,17f699c789fl0i20upgftqx2gq1t6j,creature_drops,drops,,{}
17f6a30a47el0i6z6ibwvy43l0c4ve,17f699334fdl0i20wh9sbxo4bhrft,creature_drops,drops,,{}
17f69d1e7e0l0i6z6mt86j6rq8kd7k,17f69b31ef4l0i1plkiau08p955pt5,creature_drops,drops,,{}
17f69d1e7e0l0i6z6mt86j6rq8kd7k,17f699693fbl0i1otqw0glcy3u6fp0k,creature_drops,drops,,{}
17f69d9fd6dl0i6z7g6vzjb17ulqd,17f695e0fe5l0i0nx6r2i5erc2kvf6,creature_drops,drops,,{}
17f69fd99f0l0i6z81ym04r89cha6i,17f69b4ad06l0i20rkg7ujgzd52c6m,creature_drops,drops,,{}
